{
    "bones": [
        {
            "name": "root"
        },
        {
            "name": "main_body",
            "parent": "root",
            "x": -13.82,
            "y": 1.9,
            "rotation": -90.21
        },
        {
            "name": "spine",
            "parent": "main_body",
            "x": -24.85,
            "y": -66.38,
            "rotation": -58.75
        },
        {
            "name": "spine2",
            "parent": "spine",
            "x": -31.83,
            "y": 0,
            "rotation": -7.79
        },
        {
            "name": "littlebody",
            "parent": "spine2",
            "x": -38.47,
            "y": -40.3,
            "rotation": 91.33
        }
    ],
    "animations": {
        "Attack": {
            "bones": {
                "spine": {
                    "rotate": [
                        {
                            "time": 0,
                            "angle": 0
                        },
                        {
                            "time": 0.3666,
                            "angle": -22.88
                        }
                    ],
                    "translate": [
                        {
                            "time": 0,
                            "x": 0,
                            "y": 0
                        },
                        {
                            "time": 0.3666,
                            "x": -24.65,
                            "y": 0
                        }
                    ]
                },
                "spine2": {
                    "rotate": [
                        {
                            "time": 0,
                            "angle": 0
                        },
                        {
                            "time": 0.3666,
                            "angle": -15.02
                        }
                    ]
                }
            }
        },
        "Idle": {
            "bones": {
                "spine": {
                    "rotate": [
                        {
                            "time": 0,
                            "angle": 0
                        },
                        {
                            "time": 1.2666,
                            "angle": -22.88
                        }
                    ],
                    "translate": [
                        {
                            "time": 0,
                            "x": 0,
                            "y": 0
                        },
                        {
                            "time": 1.2666,
                            "x": -12.5,
                            "y": 0
                        }
                    ]
                }
            }
        }
    }
}