[
  {
    "PROPER_NAME": "This is displayed in the tooltip.",
    "NAMES": [
      "these",
      "are",
      "detected",
      "in",
      "the",
      "text"
    ],
    "DESCRIPTION": "This is displayed in the tooltip. Spaces should not be used be avoided in NAMES, with the exception of multi-word keywords (see next entry)."
  },
  {
    "PROPER_NAME": "Multiword Keyword",
    "NAMES": [
      "multiword keyword",
      "multiword_keyword",
      "multiword_keywords"
    ],
    "DESCRIPTION": "Make sure the first element in NAMES has no underscores. The rest should use _ in the place of spaces. In card text, you'll use the underscore versions."
  },
  {
    "PROPER_NAME": "Flow",
    "NAMES": [
      "Flow",
      "flow"
    ],
    "DESCRIPTION": "At the start of your turn draw 1 extra card if you have at least 3 Flow stacks and lose 1 stack of Flow."
  },
  {
    "PROPER_NAME": "Flight",
    "NAMES": [
      "Flight",
      "flight"
    ],
    "DESCRIPTION": "Attack damage received deal 50% damage and consume 1 stack. Get entangled if losing all stacks."
  },
  {
  "PROPER_NAME": "Choke",
  "NAMES": [
    "Choke",
    "choke"
  ],
  "DESCRIPTION": "Whenever you play a card this turn, the targeted enemy loses HP."
  },
  {
    "PROPER_NAME": "Void Form",
    "NAMES": [
      "Void Form",
      "Void_Form"
    ],
    "DESCRIPTION": "Embracing the Void, deal powerful damage and become Intangible."
  },
  {
    "PROPER_NAME": "Burnt",
    "NAMES": [
      "Burnt",
      "burnt"
    ],
    "DESCRIPTION": "Burnt creatures lose HP at the end of their turn. Each turn, Burnt is reduced by half."
  },
  {
  "PROPER_NAME": "Pressure",
  "NAMES": [
  "Pressure",
  "pressure"
    ],
  "DESCRIPTION": "Whenever Pressure triggers, creatures lose HP."
  },
  {
    "PROPER_NAME": "Odd",
    "NAMES": [
      "Odd",
      "odd"
    ],
    "DESCRIPTION": "Activates when played as the 1st, 3rd, 5th, etc., card in a turn."
  },
  {
    "PROPER_NAME": "Even",
    "NAMES": [
      "Even",
      "even"
    ],
    "DESCRIPTION": "Activates when played as the 2nd, 4th, 6th, etc., card in a turn."
  }
  ]